Index,Formula,Phase,Decomp,Gap,SLME,K,Rb,Cs,MA,FA,Ca,Sr,Ba,Ge,Sn,Pb,Cl,Br,I,Cubic,Tetra,Ortho,Hex,A_ion_rad,A_BP,A_MP,A_dens,A_at_wt,A_EA,A_IE,A_hof,A_hov,A_En,A_at_num,A_period,B_ion_rad,B_BP,B_MP,B_dens,B_at_wt,B_EA,B_IE,B_hof,B_hov,B_En,B_at_num,B_period,X_ion_rad,X_BP,X_MP,X_dens,X_at_wt,X_EA,X_IE,X_hof,X_hov,X_En,X_at_num,X_period
1,MAPbI_3,Cubic,-0.13,1.53,0.16,0,0,0,1,0,0,0,0,0,0,1,0,0,1,1,0,0,0,2.17,267,180.65,0.7,32.07,8.68,926.3,6.13,23.85,2.55,73,7,1.19,2023,600.65,11.35,207.2,110,715.5,4.77,177.9,2.33,82,6,2.2,457.5,386.7,4.93,126.9,295.3,1008.4,7.76,20.9,2.66,53,5
2,MAPbBr_3,Cubic,-0.39,1.72,0.13,0,0,0,1,0,0,0,0,0,0,1,0,1,0,1,0,0,0,2.17,267,180.65,0.7,32.07,8.68,926.3,6.13,23.85,2.55,73,7,1.19,2023,600.65,11.35,207.2,110,715.5,4.77,177.9,2.33,82,6,1.96,331.85,265.95,3.12,79.9,324.6,1139.9,5.29,14.72,2.96,35,4
3,MAPbCl_3,Cubic,-0.29,2.42,0.07,0,0,0,1,0,0,0,0,0,0,1,1,0,0,1,0,0,0,2.17,267,180.65,0.7,32.07,8.68,926.3,6.13,23.85,2.55,73,7,1.19,2023,600.65,11.35,207.2,110,715.5,4.77,177.9,2.33,82,6,1.81,239.18,172.17,3.21,35.45,348.8,1251.1,3.21,10.2,3.16,17,3
4,MASnI_3,Cubic,-0.14,1.14,0.16,0,0,0,1,0,0,0,0,0,1,0,0,0,1,1,0,0,0,2.17,267,180.65,0.7,32.07,8.68,926.3,6.13,23.85,2.55,73,7,1.15,2876,505.12,7.31,118.71,121,708.6,7.2,290.37,1.96,50,5,2.2,457.5,386.7,4.93,126.9,295.3,1008.4,7.76,20.9,2.66,53,5
5,MASnBr_3,Cubic,-0.31,1.69,0.13,0,0,0,1,0,0,0,0,0,1,0,0,1,0,1,0,0,0,2.17,267,180.65,0.7,32.07,8.68,926.3,6.13,23.85,2.55,73,7,1.15,2876,505.12,7.31,118.71,121,708.6,7.2,290.37,1.96,50,5,1.96,331.85,265.95,3.12,79.9,324.6,1139.9,5.29,14.72,2.96,35,4
6,MASnCl_3,Cubic,-0.27,2.1,0.09,0,0,0,1,0,0,0,0,0,1,0,1,0,0,1,0,0,0,2.17,267,180.65,0.7,32.07,8.68,926.3,6.13,23.85,2.55,73,7,1.15,2876,505.12,7.31,118.71,121,708.6,7.2,290.37,1.96,50,5,1.81,239.18,172.17,3.21,35.45,348.8,1251.1,3.21,10.2,3.16,17,3
7,MAGeI_3,Cubic,-0.07,1.8,0.14,0,0,0,1,0,0,0,0,1,0,0,0,0,1,1,0,0,0,2.17,267,180.65,0.7,32.07,8.68,926.3,6.13,23.85,2.55,73,7,0.87,3107,1211.5,5.32,72.61,120,762.1,31.8,334.3,2.01,32,4,2.2,457.5,386.7,4.93,126.9,295.3,1008.4,7.76,20.9,2.66,53,5
8,MAGeBr_3,Cubic,-0.34,2.25,0.11,0,0,0,1,0,0,0,0,1,0,0,0,1,0,1,0,0,0,2.17,267,180.65,0.7,32.07,8.68,926.3,6.13,23.85,2.55,73,7,0.87,3107,1211.5,5.32,72.61,120,762.1,31.8,334.3,2.01,32,4,1.96,331.85,265.95,3.12,79.9,324.6,1139.9,5.29,14.72,2.96,35,4
9,MAGeCl_3,Cubic,-0.22,2.7,0.05,0,0,0,1,0,0,0,0,1,0,0,1,0,0,1,0,0,0,2.17,267,180.65,0.7,32.07,8.68,926.3,6.13,23.85,2.55,73,7,0.87,3107,1211.5,5.32,72.61,120,762.1,31.8,334.3,2.01,32,4,1.81,239.18,172.17,3.21,35.45,348.8,1251.1,3.21,10.2,3.16,17,3
10,FAPbI_3,Cubic,-1.01,1.69,0.14,0,0,0,0,1,0,0,0,0,0,1,0,0,1,1,0,0,0,2.53,319,354,1.1,45.06,8.6,849.1,6.5,29,2.57,91,8,1.19,2023,600.65,11.35,207.2,110,715.5,4.77,177.9,2.33,82,6,2.2,457.5,386.7,4.93,126.9,295.3,1008.4,7.76,20.9,2.66,53,5
11,FAPbBr_3,Cubic,-1.17,1.87,0.14,0,0,0,0,1,0,0,0,0,0,1,0,1,0,1,0,0,0,2.53,319,354,1.1,45.06,8.6,849.1,6.5,29,2.57,91,8,1.19,2023,600.65,11.35,207.2,110,715.5,4.77,177.9,2.33,82,6,1.96,331.85,265.95,3.12,79.9,324.6,1139.9,5.29,14.72,2.96,35,4
12,FAPbCl_3,Cubic,-1.19,1.4,0.06,0,0,0,0,1,0,0,0,0,0,1,1,0,0,1,0,0,0,2.53,319,354,1.1,45.06,8.6,849.1,6.5,29,2.57,91,8,1.19,2023,600.65,11.35,207.2,110,715.5,4.77,177.9,2.33,82,6,1.81,239.18,172.17,3.21,35.45,348.8,1251.1,3.21,10.2,3.16,17,3
13,FASnI_3,Cubic,-1.17,1.32,0.15,0,0,0,0,1,0,0,0,0,1,0,0,0,1,1,0,0,0,2.53,319,354,1.1,45.06,8.6,849.1,6.5,29,2.57,91,8,1.15,2876,505.12,7.31,118.71,121,708.6,7.2,290.37,1.96,50,5,2.2,457.5,386.7,4.93,126.9,295.3,1008.4,7.76,20.9,2.66,53,5
14,FASnBr_3,Cubic,-1.1,1.8,0.13,0,0,0,0,1,0,0,0,0,1,0,0,1,0,1,0,0,0,2.53,319,354,1.1,45.06,8.6,849.1,6.5,29,2.57,91,8,1.15,2876,505.12,7.31,118.71,121,708.6,7.2,290.37,1.96,50,5,1.96,331.85,265.95,3.12,79.9,324.6,1139.9,5.29,14.72,2.96,35,4
15,FASnCl_3,Cubic,-1.27,2.88,0.16,0,0,0,0,1,0,0,0,0,1,0,1,0,0,1,0,0,0,2.53,319,354,1.1,45.06,8.6,849.1,6.5,29,2.57,91,8,1.15,2876,505.12,7.31,118.71,121,708.6,7.2,290.37,1.96,50,5,1.81,239.18,172.17,3.21,35.45,348.8,1251.1,3.21,10.2,3.16,17,3
16,FAGeI_3,Cubic,-1,1.98,0.13,0,0,0,0,1,0,0,0,1,0,0,0,0,1,1,0,0,0,2.53,319,354,1.1,45.06,8.6,849.1,6.5,29,2.57,91,8,0.87,3107,1211.5,5.32,72.61,120,762.1,31.8,334.3,2.01,32,4,2.2,457.5,386.7,4.93,126.9,295.3,1008.4,7.76,20.9,2.66,53,5
17,FAGeBr_3,Cubic,-1.11,2.86,0.04,0,0,0,0,1,0,0,0,1,0,0,0,1,0,1,0,0,0,2.53,319,354,1.1,45.06,8.6,849.1,6.5,29,2.57,91,8,0.87,3107,1211.5,5.32,72.61,120,762.1,31.8,334.3,2.01,32,4,1.96,331.85,265.95,3.12,79.9,324.6,1139.9,5.29,14.72,2.96,35,4
18,FAGeCl_3,Cubic,-1.3,3.96,0,0,0,0,0,1,0,0,0,1,0,0,1,0,0,1,0,0,0,2.53,319,354,1.1,45.06,8.6,849.1,6.5,29,2.57,91,8,0.87,3107,1211.5,5.32,72.61,120,762.1,31.8,334.3,2.01,32,4,1.81,239.18,172.17,3.21,35.45,348.8,1251.1,3.21,10.2,3.16,17,3
19,CsPbI_3,Cubic,-0.64,0.94,0.16,0,0,1,0,0,0,0,0,0,0,1,0,0,1,1,0,0,0,1.74,944,301.54,1.87,132.91,45.49,375.7,2.09,67.74,0.79,55,6,1.19,2023,600.65,11.35,207.2,110,715.5,4.77,177.9,2.33,82,6,2.2,457.5,386.7,4.93,126.9,295.3,1008.4,7.76,20.9,2.66,53,5
20,CsPbBr_3,Cubic,-0.55,1.42,0.15,0,0,1,0,0,0,0,0,0,0,1,0,1,0,1,0,0,0,1.74,944,301.54,1.87,132.91,45.49,375.7,2.09,67.74,0.79,55,6,1.19,2023,600.65,11.35,207.2,110,715.5,4.77,177.9,2.33,82,6,1.96,331.85,265.95,3.12,79.9,324.6,1139.9,5.29,14.72,2.96,35,4
21,CsPbCl_3,Cubic,1.26,1.95,0.11,0,0,1,0,0,0,0,0,0,0,1,1,0,0,1,0,0,0,1.74,944,301.54,1.87,132.91,45.49,375.7,2.09,67.74,0.79,55,6,1.19,2023,600.65,11.35,207.2,110,715.5,4.77,177.9,2.33,82,6,1.81,239.18,172.17,3.21,35.45,348.8,1251.1,3.21,10.2,3.16,17,3
22,CsSnI_3,Cubic,-0.68,0.61,0.16,0,0,1,0,0,0,0,0,0,1,0,0,0,1,1,0,0,0,1.74,944,301.54,1.87,132.91,45.49,375.7,2.09,67.74,0.79,55,6,1.15,2876,505.12,7.31,118.71,121,708.6,7.2,290.37,1.96,50,5,2.2,457.5,386.7,4.93,126.9,295.3,1008.4,7.76,20.9,2.66,53,5
23,CsSnBr_3,Cubic,-0.47,0.91,0.15,0,0,1,0,0,0,0,0,0,1,0,0,1,0,1,0,0,0,1.74,944,301.54,1.87,132.91,45.49,375.7,2.09,67.74,0.79,55,6,1.15,2876,505.12,7.31,118.71,121,708.6,7.2,290.37,1.96,50,5,1.96,331.85,265.95,3.12,79.9,324.6,1139.9,5.29,14.72,2.96,35,4
24,CsSnCl_3,Cubic,1.31,1.4,0.12,0,0,1,0,0,0,0,0,0,1,0,1,0,0,1,0,0,0,1.74,944,301.54,1.87,132.91,45.49,375.7,2.09,67.74,0.79,55,6,1.15,2876,505.12,7.31,118.71,121,708.6,7.2,290.37,1.96,50,5,1.81,239.18,172.17,3.21,35.45,348.8,1251.1,3.21,10.2,3.16,17,3
25,CsGeI_3,Cubic,-0.54,0.93,0.16,0,0,1,0,0,0,0,0,1,0,0,0,0,1,1,0,0,0,1.74,944,301.54,1.87,132.91,45.49,375.7,2.09,67.74,0.79,55,6,0.87,3107,1211.5,5.32,72.61,120,762.1,31.8,334.3,2.01,32,4,2.2,457.5,386.7,4.93,126.9,295.3,1008.4,7.76,20.9,2.66,53,5
26,CsGeBr_3,Cubic,-0.48,1.27,0.15,0,0,1,0,0,0,0,0,1,0,0,0,1,0,1,0,0,0,1.74,944,301.54,1.87,132.91,45.49,375.7,2.09,67.74,0.79,55,6,0.87,3107,1211.5,5.32,72.61,120,762.1,31.8,334.3,2.01,32,4,1.96,331.85,265.95,3.12,79.9,324.6,1139.9,5.29,14.72,2.96,35,4
27,CsGeCl_3,Cubic,1.39,1.65,0.12,0,0,1,0,0,0,0,0,1,0,0,1,0,0,1,0,0,0,1.74,944,301.54,1.87,132.91,45.49,375.7,2.09,67.74,0.79,55,6,0.87,3107,1211.5,5.32,72.61,120,762.1,31.8,334.3,2.01,32,4,1.81,239.18,172.17,3.21,35.45,348.8,1251.1,3.21,10.2,3.16,17,3
28,MAPbI_3,Tetra,-0.36,0.89,0.16,0,0,0,1,0,0,0,0,0,0,1,0,0,1,0,1,0,0,2.17,267,180.65,0.7,32.07,8.68,926.3,6.13,23.85,2.55,73,7,1.19,2023,600.65,11.35,207.2,110,715.5,4.77,177.9,2.33,82,6,2.2,457.5,386.7,4.93,126.9,295.3,1008.4,7.76,20.9,2.66,53,5
29,MAPbBr_3,Tetra,-0.61,1.46,0.15,0,0,0,1,0,0,0,0,0,0,1,0,1,0,0,1,0,0,2.17,267,180.65,0.7,32.07,8.68,926.3,6.13,23.85,2.55,73,7,1.19,2023,600.65,11.35,207.2,110,715.5,4.77,177.9,2.33,82,6,1.96,331.85,265.95,3.12,79.9,324.6,1139.9,5.29,14.72,2.96,35,4
30,MAPbCl_3,Tetra,-0.48,2.03,0.11,0,0,0,1,0,0,0,0,0,0,1,1,0,0,0,1,0,0,2.17,267,180.65,0.7,32.07,8.68,926.3,6.13,23.85,2.55,73,7,1.19,2023,600.65,11.35,207.2,110,715.5,4.77,177.9,2.33,82,6,1.81,239.18,172.17,3.21,35.45,348.8,1251.1,3.21,10.2,3.16,17,3
31,MASnI_3,Tetra,-0.18,0.62,0.16,0,0,0,1,0,0,0,0,0,1,0,0,0,1,0,1,0,0,2.17,267,180.65,0.7,32.07,8.68,926.3,6.13,23.85,2.55,73,7,1.15,2876,505.12,7.31,118.71,121,708.6,7.2,290.37,1.96,50,5,2.2,457.5,386.7,4.93,126.9,295.3,1008.4,7.76,20.9,2.66,53,5
32,MASnBr_3,Tetra,-0.33,1.17,0.14,0,0,0,1,0,0,0,0,0,1,0,0,1,0,0,1,0,0,2.17,267,180.65,0.7,32.07,8.68,926.3,6.13,23.85,2.55,73,7,1.15,2876,505.12,7.31,118.71,121,708.6,7.2,290.37,1.96,50,5,1.96,331.85,265.95,3.12,79.9,324.6,1139.9,5.29,14.72,2.96,35,4
33,MASnCl_3,Tetra,-0.28,2.03,0.09,0,0,0,1,0,0,0,0,0,1,0,1,0,0,0,1,0,0,2.17,267,180.65,0.7,32.07,8.68,926.3,6.13,23.85,2.55,73,7,1.15,2876,505.12,7.31,118.71,121,708.6,7.2,290.37,1.96,50,5,1.81,239.18,172.17,3.21,35.45,348.8,1251.1,3.21,10.2,3.16,17,3
34,MAGeI_3,Tetra,-0.08,1.55,0.15,0,0,0,1,0,0,0,0,1,0,0,0,0,1,0,1,0,0,2.17,267,180.65,0.7,32.07,8.68,926.3,6.13,23.85,2.55,73,7,0.87,3107,1211.5,5.32,72.61,120,762.1,31.8,334.3,2.01,32,4,2.2,457.5,386.7,4.93,126.9,295.3,1008.4,7.76,20.9,2.66,53,5
35,MAGeBr_3,Tetra,-0.42,2.37,0.07,0,0,0,1,0,0,0,0,1,0,0,0,1,0,0,1,0,0,2.17,267,180.65,0.7,32.07,8.68,926.3,6.13,23.85,2.55,73,7,0.87,3107,1211.5,5.32,72.61,120,762.1,31.8,334.3,2.01,32,4,1.96,331.85,265.95,3.12,79.9,324.6,1139.9,5.29,14.72,2.96,35,4
36,MAGeCl_3,Tetra,-0.3,2.75,0.03,0,0,0,1,0,0,0,0,1,0,0,1,0,0,0,1,0,0,2.17,267,180.65,0.7,32.07,8.68,926.3,6.13,23.85,2.55,73,7,0.87,3107,1211.5,5.32,72.61,120,762.1,31.8,334.3,2.01,32,4,1.81,239.18,172.17,3.21,35.45,348.8,1251.1,3.21,10.2,3.16,17,3
37,FAPbI_3,Tetra,-1.32,0.84,0.16,0,0,0,0,1,0,0,0,0,0,1,0,0,1,0,1,0,0,2.53,319,354,1.1,45.06,8.6,849.1,6.5,29,2.57,91,8,1.19,2023,600.65,11.35,207.2,110,715.5,4.77,177.9,2.33,82,6,2.2,457.5,386.7,4.93,126.9,295.3,1008.4,7.76,20.9,2.66,53,5
38,FAPbBr_3,Tetra,-1.3,1.43,0.15,0,0,0,0,1,0,0,0,0,0,1,0,1,0,0,1,0,0,2.53,319,354,1.1,45.06,8.6,849.1,6.5,29,2.57,91,8,1.19,2023,600.65,11.35,207.2,110,715.5,4.77,177.9,2.33,82,6,1.96,331.85,265.95,3.12,79.9,324.6,1139.9,5.29,14.72,2.96,35,4
39,FAPbCl_3,Tetra,-1.3,2.03,0.1,0,0,0,0,1,0,0,0,0,0,1,1,0,0,0,1,0,0,2.53,319,354,1.1,45.06,8.6,849.1,6.5,29,2.57,91,8,1.19,2023,600.65,11.35,207.2,110,715.5,4.77,177.9,2.33,82,6,1.81,239.18,172.17,3.21,35.45,348.8,1251.1,3.21,10.2,3.16,17,3
40,FASnI_3,Tetra,-1.09,0.6,0.16,0,0,0,0,1,0,0,0,0,1,0,0,0,1,0,1,0,0,2.53,319,354,1.1,45.06,8.6,849.1,6.5,29,2.57,91,8,1.15,2876,505.12,7.31,118.71,121,708.6,7.2,290.37,1.96,50,5,2.2,457.5,386.7,4.93,126.9,295.3,1008.4,7.76,20.9,2.66,53,5
41,FASnBr_3,Tetra,-1.08,1.7,0.12,0,0,0,0,1,0,0,0,0,1,0,0,1,0,0,1,0,0,2.53,319,354,1.1,45.06,8.6,849.1,6.5,29,2.57,91,8,1.15,2876,505.12,7.31,118.71,121,708.6,7.2,290.37,1.96,50,5,1.96,331.85,265.95,3.12,79.9,324.6,1139.9,5.29,14.72,2.96,35,4
42,FASnCl_3,Tetra,-1.22,2.57,0.05,0,0,0,0,1,0,0,0,0,1,0,1,0,0,0,1,0,0,2.53,319,354,1.1,45.06,8.6,849.1,6.5,29,2.57,91,8,1.15,2876,505.12,7.31,118.71,121,708.6,7.2,290.37,1.96,50,5,1.81,239.18,172.17,3.21,35.45,348.8,1251.1,3.21,10.2,3.16,17,3
43,FAGeI_3,Tetra,-1.05,1.73,0.13,0,0,0,0,1,0,0,0,1,0,0,0,0,1,0,1,0,0,2.53,319,354,1.1,45.06,8.6,849.1,6.5,29,2.57,91,8,0.87,3107,1211.5,5.32,72.61,120,762.1,31.8,334.3,2.01,32,4,2.2,457.5,386.7,4.93,126.9,295.3,1008.4,7.76,20.9,2.66,53,5
44,FAGeBr_3,Tetra,-1.16,2.64,0.05,0,0,0,0,1,0,0,0,1,0,0,0,1,0,0,1,0,0,2.53,319,354,1.1,45.06,8.6,849.1,6.5,29,2.57,91,8,0.87,3107,1211.5,5.32,72.61,120,762.1,31.8,334.3,2.01,32,4,1.96,331.85,265.95,3.12,79.9,324.6,1139.9,5.29,14.72,2.96,35,4
45,FAGeCl_3,Tetra,-1.25,3.45,0.01,0,0,0,0,1,0,0,0,1,0,0,1,0,0,0,1,0,0,2.53,319,354,1.1,45.06,8.6,849.1,6.5,29,2.57,91,8,0.87,3107,1211.5,5.32,72.61,120,762.1,31.8,334.3,2.01,32,4,1.81,239.18,172.17,3.21,35.45,348.8,1251.1,3.21,10.2,3.16,17,3
46,CsPbI_3,Tetra,-0.9,0.68,0.16,0,0,1,0,0,0,0,0,0,0,1,0,0,1,0,1,0,0,1.74,944,301.54,1.87,132.91,45.49,375.7,2.09,67.74,0.79,55,6,1.19,2023,600.65,11.35,207.2,110,715.5,4.77,177.9,2.33,82,6,2.2,457.5,386.7,4.93,126.9,295.3,1008.4,7.76,20.9,2.66,53,5
47,CsPbBr_3,Tetra,-0.79,1.13,0.15,0,0,1,0,0,0,0,0,0,0,1,0,1,0,0,1,0,0,1.74,944,301.54,1.87,132.91,45.49,375.7,2.09,67.74,0.79,55,6,1.19,2023,600.65,11.35,207.2,110,715.5,4.77,177.9,2.33,82,6,1.96,331.85,265.95,3.12,79.9,324.6,1139.9,5.29,14.72,2.96,35,4
48,CsPbCl_3,Tetra,1,2.01,0.1,0,0,1,0,0,0,0,0,0,0,1,1,0,0,0,1,0,0,1.74,944,301.54,1.87,132.91,45.49,375.7,2.09,67.74,0.79,55,6,1.19,2023,600.65,11.35,207.2,110,715.5,4.77,177.9,2.33,82,6,1.81,239.18,172.17,3.21,35.45,348.8,1251.1,3.21,10.2,3.16,17,3
49,CsSnI_3,Tetra,-0.76,0.42,0.16,0,0,1,0,0,0,0,0,0,1,0,0,0,1,0,1,0,0,1.74,944,301.54,1.87,132.91,45.49,375.7,2.09,67.74,0.79,55,6,1.15,2876,505.12,7.31,118.71,121,708.6,7.2,290.37,1.96,50,5,2.2,457.5,386.7,4.93,126.9,295.3,1008.4,7.76,20.9,2.66,53,5
50,CsSnBr_3,Tetra,-0.53,0.78,0.15,0,0,1,0,0,0,0,0,0,1,0,0,1,0,0,1,0,0,1.74,944,301.54,1.87,132.91,45.49,375.7,2.09,67.74,0.79,55,6,1.15,2876,505.12,7.31,118.71,121,708.6,7.2,290.37,1.96,50,5,1.96,331.85,265.95,3.12,79.9,324.6,1139.9,5.29,14.72,2.96,35,4
51,CsSnCl_3,Tetra,1.27,1.22,0.13,0,0,1,0,0,0,0,0,0,1,0,1,0,0,0,1,0,0,1.74,944,301.54,1.87,132.91,45.49,375.7,2.09,67.74,0.79,55,6,1.15,2876,505.12,7.31,118.71,121,708.6,7.2,290.37,1.96,50,5,1.81,239.18,172.17,3.21,35.45,348.8,1251.1,3.21,10.2,3.16,17,3
52,CsGeI_3,Tetra,-0.59,0.71,0.16,0,0,1,0,0,0,0,0,1,0,0,0,0,1,0,1,0,0,1.74,944,301.54,1.87,132.91,45.49,375.7,2.09,67.74,0.79,55,6,0.87,3107,1211.5,5.32,72.61,120,762.1,31.8,334.3,2.01,32,4,2.2,457.5,386.7,4.93,126.9,295.3,1008.4,7.76,20.9,2.66,53,5
53,CsGeBr_3,Tetra,-0.52,0.9,0.16,0,0,1,0,0,0,0,0,1,0,0,0,1,0,0,1,0,0,1.74,944,301.54,1.87,132.91,45.49,375.7,2.09,67.74,0.79,55,6,0.87,3107,1211.5,5.32,72.61,120,762.1,31.8,334.3,2.01,32,4,1.96,331.85,265.95,3.12,79.9,324.6,1139.9,5.29,14.72,2.96,35,4
54,CsGeCl_3,Tetra,1.36,1.29,0.14,0,0,1,0,0,0,0,0,1,0,0,1,0,0,0,1,0,0,1.74,944,301.54,1.87,132.91,45.49,375.7,2.09,67.74,0.79,55,6,0.87,3107,1211.5,5.32,72.61,120,762.1,31.8,334.3,2.01,32,4,1.81,239.18,172.17,3.21,35.45,348.8,1251.1,3.21,10.2,3.16,17,3
55,MAPbI_3,Ortho,-0.42,1.32,0.16,0,0,0,1,0,0,0,0,0,0,1,0,0,1,0,0,1,0,2.17,267,180.65,0.7,32.07,8.68,926.3,6.13,23.85,2.55,73,7,1.19,2023,600.65,11.35,207.2,110,715.5,4.77,177.9,2.33,82,6,2.2,457.5,386.7,4.93,126.9,295.3,1008.4,7.76,20.9,2.66,53,5
56,MAPbBr_3,Ortho,-0.67,1.56,0.15,0,0,0,1,0,0,0,0,0,0,1,0,1,0,0,0,1,0,2.17,267,180.65,0.7,32.07,8.68,926.3,6.13,23.85,2.55,73,7,1.19,2023,600.65,11.35,207.2,110,715.5,4.77,177.9,2.33,82,6,1.96,331.85,265.95,3.12,79.9,324.6,1139.9,5.29,14.72,2.96,35,4
57,MAPbCl_3,Ortho,-0.55,2.16,0.1,0,0,0,1,0,0,0,0,0,0,1,1,0,0,0,0,1,0,2.17,267,180.65,0.7,32.07,8.68,926.3,6.13,23.85,2.55,73,7,1.19,2023,600.65,11.35,207.2,110,715.5,4.77,177.9,2.33,82,6,1.81,239.18,172.17,3.21,35.45,348.8,1251.1,3.21,10.2,3.16,17,3
58,MASnI_3,Ortho,-0.18,0.9,0.16,0,0,0,1,0,0,0,0,0,1,0,0,0,1,0,0,1,0,2.17,267,180.65,0.7,32.07,8.68,926.3,6.13,23.85,2.55,73,7,1.15,2876,505.12,7.31,118.71,121,708.6,7.2,290.37,1.96,50,5,2.2,457.5,386.7,4.93,126.9,295.3,1008.4,7.76,20.9,2.66,53,5
59,MASnBr_3,Ortho,-0.32,1.2,0.15,0,0,0,1,0,0,0,0,0,1,0,0,1,0,0,0,1,0,2.17,267,180.65,0.7,32.07,8.68,926.3,6.13,23.85,2.55,73,7,1.15,2876,505.12,7.31,118.71,121,708.6,7.2,290.37,1.96,50,5,1.96,331.85,265.95,3.12,79.9,324.6,1139.9,5.29,14.72,2.96,35,4
60,MASnCl_3,Ortho,-0.22,1.7,0.13,0,0,0,1,0,0,0,0,0,1,0,1,0,0,0,0,1,0,2.17,267,180.65,0.7,32.07,8.68,926.3,6.13,23.85,2.55,73,7,1.15,2876,505.12,7.31,118.71,121,708.6,7.2,290.37,1.96,50,5,1.81,239.18,172.17,3.21,35.45,348.8,1251.1,3.21,10.2,3.16,17,3
61,MAGeI_3,Ortho,0.11,0.92,0.16,0,0,0,1,0,0,0,0,1,0,0,0,0,1,0,0,1,0,2.17,267,180.65,0.7,32.07,8.68,926.3,6.13,23.85,2.55,73,7,0.87,3107,1211.5,5.32,72.61,120,762.1,31.8,334.3,2.01,32,4,2.2,457.5,386.7,4.93,126.9,295.3,1008.4,7.76,20.9,2.66,53,5
62,MAGeBr_3,Ortho,-0.13,1.37,0.15,0,0,0,1,0,0,0,0,1,0,0,0,1,0,0,0,1,0,2.17,267,180.65,0.7,32.07,8.68,926.3,6.13,23.85,2.55,73,7,0.87,3107,1211.5,5.32,72.61,120,762.1,31.8,334.3,2.01,32,4,1.96,331.85,265.95,3.12,79.9,324.6,1139.9,5.29,14.72,2.96,35,4
63,MAGeCl_3,Ortho,0.09,1.85,0.12,0,0,0,1,0,0,0,0,1,0,0,1,0,0,0,0,1,0,2.17,267,180.65,0.7,32.07,8.68,926.3,6.13,23.85,2.55,73,7,0.87,3107,1211.5,5.32,72.61,120,762.1,31.8,334.3,2.01,32,4,1.81,239.18,172.17,3.21,35.45,348.8,1251.1,3.21,10.2,3.16,17,3
64,FAPbI_3,Ortho,-1.25,0.81,0.16,0,0,0,0,1,0,0,0,0,0,1,0,0,1,0,0,1,0,2.53,319,354,1.1,45.06,8.6,849.1,6.5,29,2.57,91,8,1.19,2023,600.65,11.35,207.2,110,715.5,4.77,177.9,2.33,82,6,2.2,457.5,386.7,4.93,126.9,295.3,1008.4,7.76,20.9,2.66,53,5
65,FAPbBr_3,Ortho,-1.2,1.38,0.15,0,0,0,0,1,0,0,0,0,0,1,0,1,0,0,0,1,0,2.53,319,354,1.1,45.06,8.6,849.1,6.5,29,2.57,91,8,1.19,2023,600.65,11.35,207.2,110,715.5,4.77,177.9,2.33,82,6,1.96,331.85,265.95,3.12,79.9,324.6,1139.9,5.29,14.72,2.96,35,4
66,FAPbCl_3,Ortho,-1.17,2.01,0.11,0,0,0,0,1,0,0,0,0,0,1,1,0,0,0,0,1,0,2.53,319,354,1.1,45.06,8.6,849.1,6.5,29,2.57,91,8,1.19,2023,600.65,11.35,207.2,110,715.5,4.77,177.9,2.33,82,6,1.81,239.18,172.17,3.21,35.45,348.8,1251.1,3.21,10.2,3.16,17,3
67,FASnI_3,Ortho,-1.02,0.54,0.16,0,0,0,0,1,0,0,0,0,1,0,0,0,1,0,0,1,0,2.53,319,354,1.1,45.06,8.6,849.1,6.5,29,2.57,91,8,1.15,2876,505.12,7.31,118.71,121,708.6,7.2,290.37,1.96,50,5,2.2,457.5,386.7,4.93,126.9,295.3,1008.4,7.76,20.9,2.66,53,5
68,FASnBr_3,Ortho,-0.86,1.13,0.15,0,0,0,0,1,0,0,0,0,1,0,0,1,0,0,0,1,0,2.53,319,354,1.1,45.06,8.6,849.1,6.5,29,2.57,91,8,1.15,2876,505.12,7.31,118.71,121,708.6,7.2,290.37,1.96,50,5,1.96,331.85,265.95,3.12,79.9,324.6,1139.9,5.29,14.72,2.96,35,4
69,FASnCl_3,Ortho,-0.88,1.88,0.12,0,0,0,0,1,0,0,0,0,1,0,1,0,0,0,0,1,0,2.53,319,354,1.1,45.06,8.6,849.1,6.5,29,2.57,91,8,1.15,2876,505.12,7.31,118.71,121,708.6,7.2,290.37,1.96,50,5,1.81,239.18,172.17,3.21,35.45,348.8,1251.1,3.21,10.2,3.16,17,3
70,FAGeI_3,Ortho,-0.78,1.28,0.16,0,0,0,0,1,0,0,0,1,0,0,0,0,1,0,0,1,0,2.53,319,354,1.1,45.06,8.6,849.1,6.5,29,2.57,91,8,0.87,3107,1211.5,5.32,72.61,120,762.1,31.8,334.3,2.01,32,4,2.2,457.5,386.7,4.93,126.9,295.3,1008.4,7.76,20.9,2.66,53,5
71,FAGeBr_3,Ortho,-0.76,1.92,0.13,0,0,0,0,1,0,0,0,1,0,0,0,1,0,0,0,1,0,2.53,319,354,1.1,45.06,8.6,849.1,6.5,29,2.57,91,8,0.87,3107,1211.5,5.32,72.61,120,762.1,31.8,334.3,2.01,32,4,1.96,331.85,265.95,3.12,79.9,324.6,1139.9,5.29,14.72,2.96,35,4
72,FAGeCl_3,Ortho,-0.72,2.61,0.05,0,0,0,0,1,0,0,0,1,0,0,1,0,0,0,0,1,0,2.53,319,354,1.1,45.06,8.6,849.1,6.5,29,2.57,91,8,0.87,3107,1211.5,5.32,72.61,120,762.1,31.8,334.3,2.01,32,4,1.81,239.18,172.17,3.21,35.45,348.8,1251.1,3.21,10.2,3.16,17,3
73,CsPbI_3,Ortho,-0.99,1.04,0.16,0,0,1,0,0,0,0,0,0,0,1,0,0,1,0,0,1,0,1.74,944,301.54,1.87,132.91,45.49,375.7,2.09,67.74,0.79,55,6,1.19,2023,600.65,11.35,207.2,110,715.5,4.77,177.9,2.33,82,6,2.2,457.5,386.7,4.93,126.9,295.3,1008.4,7.76,20.9,2.66,53,5
74,CsPbBr_3,Ortho,-0.84,1.44,0.15,0,0,1,0,0,0,0,0,0,0,1,0,1,0,0,0,1,0,1.74,944,301.54,1.87,132.91,45.49,375.7,2.09,67.74,0.79,55,6,1.19,2023,600.65,11.35,207.2,110,715.5,4.77,177.9,2.33,82,6,1.96,331.85,265.95,3.12,79.9,324.6,1139.9,5.29,14.72,2.96,35,4
75,CsPbCl_3,Ortho,0.99,2,0.11,0,0,1,0,0,0,0,0,0,0,1,1,0,0,0,0,1,0,1.74,944,301.54,1.87,132.91,45.49,375.7,2.09,67.74,0.79,55,6,1.19,2023,600.65,11.35,207.2,110,715.5,4.77,177.9,2.33,82,6,1.81,239.18,172.17,3.21,35.45,348.8,1251.1,3.21,10.2,3.16,17,3
76,CsSnI_3,Ortho,-0.76,0.56,0.16,0,0,1,0,0,0,0,0,0,1,0,0,0,1,0,0,1,0,1.74,944,301.54,1.87,132.91,45.49,375.7,2.09,67.74,0.79,55,6,1.15,2876,505.12,7.31,118.71,121,708.6,7.2,290.37,1.96,50,5,2.2,457.5,386.7,4.93,126.9,295.3,1008.4,7.76,20.9,2.66,53,5
77,CsSnBr_3,Ortho,-0.52,0.84,0.15,0,0,1,0,0,0,0,0,0,1,0,0,1,0,0,0,1,0,1.74,944,301.54,1.87,132.91,45.49,375.7,2.09,67.74,0.79,55,6,1.15,2876,505.12,7.31,118.71,121,708.6,7.2,290.37,1.96,50,5,1.96,331.85,265.95,3.12,79.9,324.6,1139.9,5.29,14.72,2.96,35,4
78,CsSnCl_3,Ortho,1.28,1.28,0.13,0,0,1,0,0,0,0,0,0,1,0,1,0,0,0,0,1,0,1.74,944,301.54,1.87,132.91,45.49,375.7,2.09,67.74,0.79,55,6,1.15,2876,505.12,7.31,118.71,121,708.6,7.2,290.37,1.96,50,5,1.81,239.18,172.17,3.21,35.45,348.8,1251.1,3.21,10.2,3.16,17,3
79,CsGeI_3,Ortho,-0.69,1.22,0.15,0,0,1,0,0,0,0,0,1,0,0,0,0,1,0,0,1,0,1.74,944,301.54,1.87,132.91,45.49,375.7,2.09,67.74,0.79,55,6,0.87,3107,1211.5,5.32,72.61,120,762.1,31.8,334.3,2.01,32,4,2.2,457.5,386.7,4.93,126.9,295.3,1008.4,7.76,20.9,2.66,53,5
80,CsGeBr_3,Ortho,-0.64,1.83,0.11,0,0,1,0,0,0,0,0,1,0,0,0,1,0,0,0,1,0,1.74,944,301.54,1.87,132.91,45.49,375.7,2.09,67.74,0.79,55,6,0.87,3107,1211.5,5.32,72.61,120,762.1,31.8,334.3,2.01,32,4,1.96,331.85,265.95,3.12,79.9,324.6,1139.9,5.29,14.72,2.96,35,4
81,CsGeCl_3,Ortho,1.17,2.58,0.05,0,0,1,0,0,0,0,0,1,0,0,1,0,0,0,0,1,0,1.74,944,301.54,1.87,132.91,45.49,375.7,2.09,67.74,0.79,55,6,0.87,3107,1211.5,5.32,72.61,120,762.1,31.8,334.3,2.01,32,4,1.81,239.18,172.17,3.21,35.45,348.8,1251.1,3.21,10.2,3.16,17,3
82,MAPbI_3,Hex,-0.45,2.22,0.12,0,0,0,1,0,0,0,0,0,0,1,0,0,1,0,0,0,1,2.17,267,180.65,0.7,32.07,8.68,926.3,6.13,23.85,2.55,73,7,1.19,2023,600.65,11.35,207.2,110,715.5,4.77,177.9,2.33,82,6,2.2,457.5,386.7,4.93,126.9,295.3,1008.4,7.76,20.9,2.66,53,5
83,MAPbBr_3,Hex,-0.66,2.88,0.04,0,0,0,1,0,0,0,0,0,0,1,0,1,0,0,0,0,1,2.17,267,180.65,0.7,32.07,8.68,926.3,6.13,23.85,2.55,73,7,1.19,2023,600.65,11.35,207.2,110,715.5,4.77,177.9,2.33,82,6,1.96,331.85,265.95,3.12,79.9,324.6,1139.9,5.29,14.72,2.96,35,4
84,MAPbCl_3,Hex,-0.51,3.42,0.02,0,0,0,1,0,0,0,0,0,0,1,1,0,0,0,0,0,1,2.17,267,180.65,0.7,32.07,8.68,926.3,6.13,23.85,2.55,73,7,1.19,2023,600.65,11.35,207.2,110,715.5,4.77,177.9,2.33,82,6,1.81,239.18,172.17,3.21,35.45,348.8,1251.1,3.21,10.2,3.16,17,3
85,MASnI_3,Hex,-0.21,2.12,0.13,0,0,0,1,0,0,0,0,0,1,0,0,0,1,0,0,0,1,2.17,267,180.65,0.7,32.07,8.68,926.3,6.13,23.85,2.55,73,7,1.15,2876,505.12,7.31,118.71,121,708.6,7.2,290.37,1.96,50,5,2.2,457.5,386.7,4.93,126.9,295.3,1008.4,7.76,20.9,2.66,53,5
86,MASnBr_3,Hex,-0.34,2.67,0.06,0,0,0,1,0,0,0,0,0,1,0,0,1,0,0,0,0,1,2.17,267,180.65,0.7,32.07,8.68,926.3,6.13,23.85,2.55,73,7,1.15,2876,505.12,7.31,118.71,121,708.6,7.2,290.37,1.96,50,5,1.96,331.85,265.95,3.12,79.9,324.6,1139.9,5.29,14.72,2.96,35,4
87,MASnCl_3,Hex,-0.25,3.24,0.02,0,0,0,1,0,0,0,0,0,1,0,1,0,0,0,0,0,1,2.17,267,180.65,0.7,32.07,8.68,926.3,6.13,23.85,2.55,73,7,1.15,2876,505.12,7.31,118.71,121,708.6,7.2,290.37,1.96,50,5,1.81,239.18,172.17,3.21,35.45,348.8,1251.1,3.21,10.2,3.16,17,3
88,MAGeI_3,Hex,-0.1,2.43,0.1,0,0,0,1,0,0,0,0,1,0,0,0,0,1,0,0,0,1,2.17,267,180.65,0.7,32.07,8.68,926.3,6.13,23.85,2.55,73,7,0.87,3107,1211.5,5.32,72.61,120,762.1,31.8,334.3,2.01,32,4,2.2,457.5,386.7,4.93,126.9,295.3,1008.4,7.76,20.9,2.66,53,5
89,MAGeBr_3,Hex,-0.42,3.3,0.02,0,0,0,1,0,0,0,0,1,0,0,0,1,0,0,0,0,1,2.17,267,180.65,0.7,32.07,8.68,926.3,6.13,23.85,2.55,73,7,0.87,3107,1211.5,5.32,72.61,120,762.1,31.8,334.3,2.01,32,4,1.96,331.85,265.95,3.12,79.9,324.6,1139.9,5.29,14.72,2.96,35,4
90,MAGeCl_3,Hex,-0.31,4.04,0,0,0,0,1,0,0,0,0,1,0,0,1,0,0,0,0,0,1,2.17,267,180.65,0.7,32.07,8.68,926.3,6.13,23.85,2.55,73,7,0.87,3107,1211.5,5.32,72.61,120,762.1,31.8,334.3,2.01,32,4,1.81,239.18,172.17,3.21,35.45,348.8,1251.1,3.21,10.2,3.16,17,3
91,FAPbI_3,Hex,-1.37,0.81,0.16,0,0,0,0,1,0,0,0,0,0,1,0,0,1,0,0,0,1,2.53,319,354,1.1,45.06,8.6,849.1,6.5,29,2.57,91,8,1.19,2023,600.65,11.35,207.2,110,715.5,4.77,177.9,2.33,82,6,2.2,457.5,386.7,4.93,126.9,295.3,1008.4,7.76,20.9,2.66,53,5
92,FAPbBr_3,Hex,-1.4,1.47,0.16,0,0,0,0,1,0,0,0,0,0,1,0,1,0,0,0,0,1,2.53,319,354,1.1,45.06,8.6,849.1,6.5,29,2.57,91,8,1.19,2023,600.65,11.35,207.2,110,715.5,4.77,177.9,2.33,82,6,1.96,331.85,265.95,3.12,79.9,324.6,1139.9,5.29,14.72,2.96,35,4
93,FAPbCl_3,Hex,-1.41,2.15,0.11,0,0,0,0,1,0,0,0,0,0,1,1,0,0,0,0,0,1,2.53,319,354,1.1,45.06,8.6,849.1,6.5,29,2.57,91,8,1.19,2023,600.65,11.35,207.2,110,715.5,4.77,177.9,2.33,82,6,1.81,239.18,172.17,3.21,35.45,348.8,1251.1,3.21,10.2,3.16,17,3
94,FASnI_3,Hex,-1.18,0.84,0.16,0,0,0,0,1,0,0,0,0,1,0,0,0,1,0,0,0,1,2.53,319,354,1.1,45.06,8.6,849.1,6.5,29,2.57,91,8,1.15,2876,505.12,7.31,118.71,121,708.6,7.2,290.37,1.96,50,5,2.2,457.5,386.7,4.93,126.9,295.3,1008.4,7.76,20.9,2.66,53,5
95,FASnBr_3,Hex,-1.17,1.83,0.13,0,0,0,0,1,0,0,0,0,1,0,0,1,0,0,0,0,1,2.53,319,354,1.1,45.06,8.6,849.1,6.5,29,2.57,91,8,1.15,2876,505.12,7.31,118.71,121,708.6,7.2,290.37,1.96,50,5,1.96,331.85,265.95,3.12,79.9,324.6,1139.9,5.29,14.72,2.96,35,4
96,FASnCl_3,Hex,-1.32,2.69,0.05,0,0,0,0,1,0,0,0,0,1,0,1,0,0,0,0,0,1,2.53,319,354,1.1,45.06,8.6,849.1,6.5,29,2.57,91,8,1.15,2876,505.12,7.31,118.71,121,708.6,7.2,290.37,1.96,50,5,1.81,239.18,172.17,3.21,35.45,348.8,1251.1,3.21,10.2,3.16,17,3
97,FAGeI_3,Hex,-1.1,1.88,0.13,0,0,0,0,1,0,0,0,1,0,0,0,0,1,0,0,0,1,2.53,319,354,1.1,45.06,8.6,849.1,6.5,29,2.57,91,8,0.87,3107,1211.5,5.32,72.61,120,762.1,31.8,334.3,2.01,32,4,2.2,457.5,386.7,4.93,126.9,295.3,1008.4,7.76,20.9,2.66,53,5
98,FAGeBr_3,Hex,-1.25,2.73,0.04,0,0,0,0,1,0,0,0,1,0,0,0,1,0,0,0,0,1,2.53,319,354,1.1,45.06,8.6,849.1,6.5,29,2.57,91,8,0.87,3107,1211.5,5.32,72.61,120,762.1,31.8,334.3,2.01,32,4,1.96,331.85,265.95,3.12,79.9,324.6,1139.9,5.29,14.72,2.96,35,4
99,FAGeCl_3,Hex,-1.36,3.57,0.01,0,0,0,0,1,0,0,0,1,0,0,1,0,0,0,0,0,1,2.53,319,354,1.1,45.06,8.6,849.1,6.5,29,2.57,91,8,0.87,3107,1211.5,5.32,72.61,120,762.1,31.8,334.3,2.01,32,4,1.81,239.18,172.17,3.21,35.45,348.8,1251.1,3.21,10.2,3.16,17,3
100,CsPbI_3,Hex,-0.87,0.87,0.16,0,0,1,0,0,0,0,0,0,0,1,0,0,1,0,0,0,1,1.74,944,301.54,1.87,132.91,45.49,375.7,2.09,67.74,0.79,55,6,1.19,2023,600.65,11.35,207.2,110,715.5,4.77,177.9,2.33,82,6,2.2,457.5,386.7,4.93,126.9,295.3,1008.4,7.76,20.9,2.66,53,5
101,CsPbBr_3,Hex,-0.77,1.31,0.16,0,0,1,0,0,0,0,0,0,0,1,0,1,0,0,0,0,1,1.74,944,301.54,1.87,132.91,45.49,375.7,2.09,67.74,0.79,55,6,1.19,2023,600.65,11.35,207.2,110,715.5,4.77,177.9,2.33,82,6,1.96,331.85,265.95,3.12,79.9,324.6,1139.9,5.29,14.72,2.96,35,4
102,CsPbCl_3,Hex,1.06,1.86,0.11,0,0,1,0,0,0,0,0,0,0,1,1,0,0,0,0,0,1,1.74,944,301.54,1.87,132.91,45.49,375.7,2.09,67.74,0.79,55,6,1.19,2023,600.65,11.35,207.2,110,715.5,4.77,177.9,2.33,82,6,1.81,239.18,172.17,3.21,35.45,348.8,1251.1,3.21,10.2,3.16,17,3
103,CsSnI_3,Hex,-0.75,0.2,0.16,0,0,1,0,0,0,0,0,0,1,0,0,0,1,0,0,0,1,1.74,944,301.54,1.87,132.91,45.49,375.7,2.09,67.74,0.79,55,6,1.15,2876,505.12,7.31,118.71,121,708.6,7.2,290.37,1.96,50,5,2.2,457.5,386.7,4.93,126.9,295.3,1008.4,7.76,20.9,2.66,53,5
104,CsSnBr_3,Hex,-0.52,0.84,0.15,0,0,1,0,0,0,0,0,0,1,0,0,1,0,0,0,0,1,1.74,944,301.54,1.87,132.91,45.49,375.7,2.09,67.74,0.79,55,6,1.15,2876,505.12,7.31,118.71,121,708.6,7.2,290.37,1.96,50,5,1.96,331.85,265.95,3.12,79.9,324.6,1139.9,5.29,14.72,2.96,35,4
105,CsSnCl_3,Hex,1.29,1.01,0.15,0,0,1,0,0,0,0,0,0,1,0,1,0,0,0,0,0,1,1.74,944,301.54,1.87,132.91,45.49,375.7,2.09,67.74,0.79,55,6,1.15,2876,505.12,7.31,118.71,121,708.6,7.2,290.37,1.96,50,5,1.81,239.18,172.17,3.21,35.45,348.8,1251.1,3.21,10.2,3.16,17,3
106,CsGeI_3,Hex,-0.7,1.11,0.16,0,0,1,0,0,0,0,0,1,0,0,0,0,1,0,0,0,1,1.74,944,301.54,1.87,132.91,45.49,375.7,2.09,67.74,0.79,55,6,0.87,3107,1211.5,5.32,72.61,120,762.1,31.8,334.3,2.01,32,4,2.2,457.5,386.7,4.93,126.9,295.3,1008.4,7.76,20.9,2.66,53,5
107,CsGeBr_3,Hex,-0.65,1.67,0.13,0,0,1,0,0,0,0,0,1,0,0,0,1,0,0,0,0,1,1.74,944,301.54,1.87,132.91,45.49,375.7,2.09,67.74,0.79,55,6,0.87,3107,1211.5,5.32,72.61,120,762.1,31.8,334.3,2.01,32,4,1.96,331.85,265.95,3.12,79.9,324.6,1139.9,5.29,14.72,2.96,35,4
108,CsGeCl_3,Hex,1.15,2.63,0.05,0,0,1,0,0,0,0,0,1,0,0,1,0,0,0,0,0,1,1.74,944,301.54,1.87,132.91,45.49,375.7,2.09,67.74,0.79,55,6,0.87,3107,1211.5,5.32,72.61,120,762.1,31.8,334.3,2.01,32,4,1.81,239.18,172.17,3.21,35.45,348.8,1251.1,3.21,10.2,3.16,17,3
109,MAPb_0.25Sn_0.75I_3,Cubic,-0.24,0.96,0.15,0,0,0,1,0,0,0,0,0,0.75,0.25,0,0,1,1,0,0,0,2.17,267,181,0.7,32.1,8.68,926,6.13,23.9,2.55,73,7,1.16,2665,529,8.31,141,118.25,710.75,6.59,262,2.05,58,5.25,2.2,458,387,4.93,127,295,1010,7.76,20.9,2.66,53,5
110,MAPb_0.25Sn_0.75I_3,Tetra,-0.22,0.95,0.16,0,0,0,1,0,0,0,0,0,0.75,0.25,0,0,1,0,1,0,0,2.17,267,181,0.7,32.1,8.68,926,6.13,23.9,2.55,73,7,1.16,2665,529,8.31,141,118.25,710.75,6.59,262,2.05,58,5.25,2.2,458,387,4.93,127,295,1010,7.76,20.9,2.66,53,5
111,MAPb_0.25Sn_0.75I_3,Ortho,-0.25,0.87,0.16,0,0,0,1,0,0,0,0,0,0.75,0.25,0,0,1,0,0,1,0,2.17,267,181,0.7,32.1,8.68,926,6.13,23.9,2.55,73,7,1.16,2665,529,8.31,141,118.25,710.75,6.59,262,2.05,58,5.25,2.2,458,387,4.93,127,295,1010,7.76,20.9,2.66,53,5
112,MAPb_0.5Sn_0.5I_3,Cubic,-0.28,0.98,0.16,0,0,0,1,0,0,0,0,0,0.5,0.5,0,0,1,1,0,0,0,2.17,267,181,0.7,32.1,8.68,926,6.13,23.9,2.55,73,7,1.17,2450,553,9.3,163,115.5,712.5,5.98,234,2.15,66,5.5,2.2,458,387,4.93,127,295,1010,7.76,20.9,2.66,53,5
113,MAPb_0.5Sn_0.5I_3,Tetra,-0.3,0.99,0.16,0,0,0,1,0,0,0,0,0,0.5,0.5,0,0,1,0,1,0,0,2.17,267,181,0.7,32.1,8.68,926,6.13,23.9,2.55,73,7,1.17,2450,553,9.3,163,115.5,712.5,5.98,234,2.15,66,5.5,2.2,458,387,4.93,127,295,1010,7.76,20.9,2.66,53,5
114,MAPb_0.75Sn_0.25I_3,Cubic,-0.33,1.01,0.16,0,0,0,1,0,0,0,0,0,0.25,0.75,0,0,1,1,0,0,0,2.17,267,181,0.7,32.1,8.68,926,6.13,23.9,2.55,73,7,1.18,2235,577,10.3,185,112.75,714.25,5.38,206,2.24,74,5.75,2.2,458,387,4.93,127,295,1010,7.76,20.9,2.66,53,5
115,MAPb_0.75Sn_0.25I_3,Tetra,-0.32,1.19,0.16,0,0,0,1,0,0,0,0,0,0.25,0.75,0,0,1,0,1,0,0,2.17,267,181,0.7,32.1,8.68,926,6.13,23.9,2.55,73,7,1.18,2235,577,10.3,185,112.75,714.25,5.38,206,2.24,74,5.75,2.2,458,387,4.93,127,295,1010,7.76,20.9,2.66,53,5
116,MAPb_0.75Sn_0.25I_3,Ortho,-0.36,1.11,0.16,0,0,0,1,0,0,0,0,0,0.25,0.75,0,0,1,0,0,1,0,2.17,267,181,0.7,32.1,8.68,926,6.13,23.9,2.55,73,7,1.18,2235,577,10.3,185,112.75,714.25,5.38,206,2.24,74,5.75,2.2,458,387,4.93,127,295,1010,7.76,20.9,2.66,53,5
117,FAPb_0.25Sn_0.75I_3,Cubic,-1.24,1.05,0.16,0,0,0,0,1,0,0,0,0,0.75,0.25,0,0,1,1,0,0,0,2.53,319,354,1.1,45.1,8.6,849,6.5,29,2.57,91,8,1.16,2665,529,8.31,141,118.25,710.75,6.59,262,2.05,58,5.25,2.2,458,387,4.93,127,295,1010,7.76,20.9,2.66,53,5
118,FAPb_0.25Sn_0.75I_3,Hex,-1.19,1.22,0.15,0,0,0,0,1,0,0,0,0,0.75,0.25,0,0,1,0,0,0,1,2.53,319,354,1.1,45.1,8.6,849,6.5,29,2.57,91,8,1.16,2665,529,8.31,141,118.25,710.75,6.59,262,2.05,58,5.25,2.2,458,387,4.93,127,295,1010,7.76,20.9,2.66,53,5
119,FAPb_0.5Sn_0.5I_3,Cubic,-1.29,0.93,0.16,0,0,0,0,1,0,0,0,0,0.5,0.5,0,0,1,1,0,0,0,2.53,319,354,1.1,45.1,8.6,849,6.5,29,2.57,91,8,1.17,2450,553,9.3,163,115.5,712.5,5.98,234,2.15,66,5.5,2.2,458,387,4.93,127,295,1010,7.76,20.9,2.66,53,5
120,FAPb_0.5Sn_0.5I_3,Hex,-1.22,1.05,0.15,0,0,0,0,1,0,0,0,0,0.5,0.5,0,0,1,0,0,0,1,2.53,319,354,1.1,45.1,8.6,849,6.5,29,2.57,91,8,1.17,2450,553,9.3,163,115.5,712.5,5.98,234,2.15,66,5.5,2.2,458,387,4.93,127,295,1010,7.76,20.9,2.66,53,5
121,FAPb_0.75Sn_0.25I_3,Cubic,-1.33,1.04,0.16,0,0,0,0,1,0,0,0,0,0.25,0.75,0,0,1,1,0,0,0,2.53,319,354,1.1,45.1,8.6,849,6.5,29,2.57,91,8,1.18,2235,577,10.3,185,112.75,714.25,5.38,206,2.24,74,5.75,2.2,458,387,4.93,127,295,1010,7.76,20.9,2.66,53,5
122,FAPb_0.75Sn_0.25I_3,Hex,-1.26,0.93,0.14,0,0,0,0,1,0,0,0,0,0.25,0.75,0,0,1,0,0,0,1,2.53,319,354,1.1,45.1,8.6,849,6.5,29,2.57,91,8,1.18,2235,577,10.3,185,112.75,714.25,5.38,206,2.24,74,5.75,2.2,458,387,4.93,127,295,1010,7.76,20.9,2.66,53,5
123,MAPbI_2.5Br_0.5,Cubic,-0.39,1.49,0.13,0,0,0,1,0,0,0,0,0,0,1,0,0.17,0.83,1,0,0,0,2.17,267,181,0.7,32.1,8.68,926,6.13,23.9,2.55,73,7,1.19,2020,601,11.3,207,110,716,4.77,178,2.33,82,6,2.16,437,366.83,4.63,119.15,300,1031.67,7.35,19.87,2.71,50,4.83
124,MAPbI_2.5Br_0.5,Tetra,-0.4,0.95,0.16,0,0,0,1,0,0,0,0,0,0,1,0,0.17,0.83,0,1,0,0,2.17,267,181,0.7,32.1,8.68,926,6.13,23.9,2.55,73,7,1.19,2020,601,11.3,207,110,716,4.77,178,2.33,82,6,2.16,437,366.83,4.63,119.15,300,1031.67,7.35,19.87,2.71,50,4.83
125,MAPbI_2Br,Cubic,-0.44,1.35,0.16,0,0,0,1,0,0,0,0,0,0,1,0,0.33,0.67,1,0,0,0,2.17,267,181,0.7,32.1,8.68,926,6.13,23.9,2.55,73,7,1.19,2020,601,11.3,207,110,716,4.77,178,2.33,82,6,2.12,416,346.67,4.33,111.3,305,1053.33,6.94,18.83,2.76,47,4.67
126,MAPbI_2Br,Tetra,-0.44,1.07,0.16,0,0,0,1,0,0,0,0,0,0,1,0,0.33,0.67,0,1,0,0,2.17,267,181,0.7,32.1,8.68,926,6.13,23.9,2.55,73,7,1.19,2020,601,11.3,207,110,716,4.77,178,2.33,82,6,2.12,416,346.67,4.33,111.3,305,1053.33,6.94,18.83,2.76,47,4.67
127,MAPbI_1.5Br_1.5,Cubic,-0.48,1.38,0.16,0,0,0,1,0,0,0,0,0,0,1,0,0.5,0.5,1,0,0,0,2.17,267,181,0.7,32.1,8.68,926,6.13,23.9,2.55,73,7,1.19,2020,601,11.3,207,110,716,4.77,178,2.33,82,6,2.08,395,326.5,4.03,103.45,310,1075,6.53,17.8,2.81,44,4.5
128,MAPbI_1.5Br_1.5,Tetra,-0.49,1.05,0.16,0,0,0,1,0,0,0,0,0,0,1,0,0.5,0.5,0,1,0,0,2.17,267,181,0.7,32.1,8.68,926,6.13,23.9,2.55,73,7,1.19,2020,601,11.3,207,110,716,4.77,178,2.33,82,6,2.08,395,326.5,4.03,103.45,310,1075,6.53,17.8,2.81,44,4.5
129,MAPbIBr_2,Cubic,-0.52,1.47,0.16,0,0,0,1,0,0,0,0,0,0,1,0,0.67,0.33,1,0,0,0,2.17,267,181,0.7,32.1,8.68,926,6.13,23.9,2.55,73,7,1.19,2020,601,11.3,207,110,716,4.77,178,2.33,82,6,2.04,374,306.33,3.72,95.6,315,1096.67,6.11,16.77,2.86,41,4.33
130,MAPbIBr_2,Tetra,-0.57,1.19,0.16,0,0,0,1,0,0,0,0,0,0,1,0,0.67,0.33,0,1,0,0,2.17,267,181,0.7,32.1,8.68,926,6.13,23.9,2.55,73,7,1.19,2020,601,11.3,207,110,716,4.77,178,2.33,82,6,2.04,374,306.33,3.72,95.6,315,1096.67,6.11,16.77,2.86,41,4.33
131,CsPbI_2Br,Cubic,-0.82,0.53,0.16,0,0,1,0,0,0,0,0,0,0,1,0,0.33,0.67,1,0,0,0,1.74,944,302,1.87,133,45.5,376,2.09,67.7,0.79,55,6,1.19,2020,601,11.3,207,110,716,4.77,178,2.33,82,6,2.12,416,346.67,4.33,111.3,305,1053.33,6.94,18.83,2.76,47,4.67
132,CsPbI_2Br,Ortho,-0.91,0.8,0.16,0,0,1,0,0,0,0,0,0,0,1,0,0.33,0.67,0,0,1,0,1.74,944,302,1.87,133,45.5,376,2.09,67.7,0.79,55,6,1.19,2020,601,11.3,207,110,716,4.77,178,2.33,82,6,2.12,416,346.67,4.33,111.3,305,1053.33,6.94,18.83,2.76,47,4.67
133,CsPbI_1.5Br_1.5,Cubic,-0.8,0.62,0.16,0,0,1,0,0,0,0,0,0,0,1,0,0.5,0.5,1,0,0,0,1.74,944,302,1.87,133,45.5,376,2.09,67.7,0.79,55,6,1.19,2020,601,11.3,207,110,716,4.77,178,2.33,82,6,2.08,395,326.5,4.03,103.45,310,1075,6.53,17.8,2.81,44,4.5
134,CsPbI_1.5Br_1.5,Ortho,-0.89,0.99,0.16,0,0,1,0,0,0,0,0,0,0,1,0,0.5,0.5,0,0,1,0,1.74,944,302,1.87,133,45.5,376,2.09,67.7,0.79,55,6,1.19,2020,601,11.3,207,110,716,4.77,178,2.33,82,6,2.08,395,326.5,4.03,103.45,310,1075,6.53,17.8,2.81,44,4.5
135,CsPbIBr_2,Cubic,-0.79,0.69,0.16,0,0,1,0,0,0,0,0,0,0,1,0,0.67,0.33,1,0,0,0,1.74,944,302,1.87,133,45.5,376,2.09,67.7,0.79,55,6,1.19,2020,601,11.3,207,110,716,4.77,178,2.33,82,6,2.04,374,306.33,3.72,95.6,315,1096.67,6.11,16.77,2.86,41,4.33
136,CsPbIBr_2,Ortho,-0.87,1.13,0.16,0,0,1,0,0,0,0,0,0,0,1,0,0.67,0.33,0,0,1,0,1.74,944,302,1.87,133,45.5,376,2.09,67.7,0.79,55,6,1.19,2020,601,11.3,207,110,716,4.77,178,2.33,82,6,2.04,374,306.33,3.72,95.6,315,1096.67,6.11,16.77,2.86,41,4.33
137,CsSn_0.5Pb_0.5I_3,Cubic,-0.8,0.15,0.16,0,0,1,0,0,0,0,0,0,0.5,0.5,0,0,1,1,0,0,0,1.74,944,302,1.87,133,45.5,376,2.09,67.7,0.79,55,6,1.17,2450,553,9.3,163,115.5,712.5,5.98,234,2.15,66,5.5,2.2,458,387,4.93,127,295,1010,7.76,20.9,2.66,53,5
138,CsSn_0.5Pb_0.5I_3,Ortho,-0.87,0.51,0.16,0,0,1,0,0,0,0,0,0,0.5,0.5,0,0,1,0,0,1,0,1.74,944,302,1.87,133,45.5,376,2.09,67.7,0.79,55,6,1.17,2450,553,9.3,163,115.5,712.5,5.98,234,2.15,66,5.5,2.2,458,387,4.93,127,295,1010,7.76,20.9,2.66,53,5
139,CsSn_0.5Ge_0.5I_3,Cubic,1.33,0.17,0.16,0,0,1,0,0,0,0,0,0.5,0.5,0,0,0,1,1,0,0,0,1.74,944,302,1.87,133,45.5,376,2.09,67.7,0.79,55,6,1.01,2995,857.5,6.31,95.8,120.5,735.5,19.5,312,1.98,41,4.5,2.2,458,387,4.93,127,295,1010,7.76,20.9,2.66,53,5
140,CsSn_0.5Ge_0.5I_3,Ortho,1.31,0.45,0.16,0,0,1,0,0,0,0,0,0.5,0.5,0,0,0,1,0,0,1,0,1.74,944,302,1.87,133,45.5,376,2.09,67.7,0.79,55,6,1.01,2995,857.5,6.31,95.8,120.5,735.5,19.5,312,1.98,41,4.5,2.2,458,387,4.93,127,295,1010,7.76,20.9,2.66,53,5
141,CsSn_0.75Ge_0.25Br_3,Cubic,-0.49,0.33,0.16,0,0,1,0,0,0,0,0,0.25,0.75,0,0,1,0,1,0,0,0,1.74,944,302,1.87,133,45.5,376,2.09,67.7,0.79,55,6,1.08,2937.5,681.25,6.81,107.4,120.75,722.25,13.35,301,1.97,45.5,4.75,1.96,332,266,3.12,79.9,325,1140,5.29,14.7,2.96,35,4
142,CsSn_0.75Ge_0.25Br_3,Ortho,-0.52,0.56,0.15,0,0,1,0,0,0,0,0,0.25,0.75,0,0,1,0,0,0,1,0,1.74,944,302,1.87,133,45.5,376,2.09,67.7,0.79,55,6,1.08,2937.5,681.25,6.81,107.4,120.75,722.25,13.35,301,1.97,45.5,4.75,1.96,332,266,3.12,79.9,325,1140,5.29,14.7,2.96,35,4
143,CsSn_0.5Ge_0.5Br_3,Cubic,-0.52,0.48,0.16,0,0,1,0,0,0,0,0,0.5,0.5,0,0,1,0,1,0,0,0,1.74,944,302,1.87,133,45.5,376,2.09,67.7,0.79,55,6,1.01,2995,857.5,6.31,95.8,120.5,735.5,19.5,312,1.98,41,4.5,1.96,332,266,3.12,79.9,325,1140,5.29,14.7,2.96,35,4
144,CsSn_0.5Ge_0.5Br_3,Ortho,-0.52,0.71,0.15,0,0,1,0,0,0,0,0,0.5,0.5,0,0,1,0,0,0,1,0,1.74,944,302,1.87,133,45.5,376,2.09,67.7,0.79,55,6,1.01,2995,857.5,6.31,95.8,120.5,735.5,19.5,312,1.98,41,4.5,1.96,332,266,3.12,79.9,325,1140,5.29,14.7,2.96,35,4
145,CsSn_0.25Ge_0.75Br_3,Cubic,-0.51,0.47,0.16,0,0,1,0,0,0,0,0,0.75,0.25,0,0,1,0,1,0,0,0,1.74,944,302,1.87,133,45.5,376,2.09,67.7,0.79,55,6,0.94,3052.5,1033.75,5.82,84.2,120.25,748.75,25.65,323,2,36.5,4.25,1.96,332,266,3.12,79.9,325,1140,5.29,14.7,2.96,35,4
146,CsSn_0.25Ge_0.75Br_3,Ortho,-0.52,0.62,0.16,0,0,1,0,0,0,0,0,0.75,0.25,0,0,1,0,0,0,1,0,1.74,944,302,1.87,133,45.5,376,2.09,67.7,0.79,55,6,0.94,3052.5,1033.75,5.82,84.2,120.25,748.75,25.65,323,2,36.5,4.25,1.96,332,266,3.12,79.9,325,1140,5.29,14.7,2.96,35,4